{"tissue_hires_scalef": 0.16108248, "tissue_lowres_scalef": 0.04832474, "fiducial_diameter_fullres": 133.39900765245832, "spot_diameter_fullres": 82.58033807056944}