{"tissue_hires_scalef": 0.067349136, "tissue_lowres_scalef": 0.020204742, "fiducial_diameter_fullres": 384.63167999999996, "spot_diameter_fullres": 238.10533}